{"cameraMode":{"drawMode":0,"name":"Shaded","section":"Shading Mode"},"sceneLighting":true,"audioPlay":false,"sceneViewState":{"m_AlwaysRefresh":false,"showFog":true,"showSkybox":true,"showFlares":true,"showImageEffects":true,"showParticleSystems":true,"showVisualEffectGraphs":true,"m_FxEnabled":true},"in2DMode":false,"pivot":{"x":1.333277940750122,"y":8.668067932128907,"z":-2.0299413204193117},"rotation":{"x":0.21569779515266419,"y":-0.1168571412563324,"z":0.025996308773756028,"w":0.9691194891929627},"size":5.490714073181152,"orthographic":false}