{"cameraMode":{"drawMode":0,"name":"Shaded","section":"Shading Mode"},"sceneLighting":true,"audioPlay":false,"sceneViewState":{"m_AlwaysRefresh":false,"showFog":true,"showSkybox":true,"showFlares":true,"showImageEffects":true,"showParticleSystems":true,"showVisualEffectGraphs":true,"m_FxEnabled":true},"in2DMode":false,"pivot":{"x":27.140884399414064,"y":0.7347108125686646,"z":0.2502632141113281},"rotation":{"x":0.01284094899892807,"y":0.5340146422386169,"z":-0.007196101360023022,"w":0.8454575538635254},"size":13.588936805725098,"orthographic":false}