{"cameraMode":{"drawMode":0,"name":"Shaded","section":"Shading Mode"},"sceneLighting":true,"audioPlay":false,"sceneViewState":{"m_AlwaysRefresh":false,"showFog":true,"showSkybox":true,"showFlares":true,"showImageEffects":true,"showParticleSystems":true,"showVisualEffectGraphs":true,"m_FxEnabled":true},"in2DMode":false,"pivot":{"x":1.2986602783203126,"y":-22.27916717529297,"z":17.860702514648439},"rotation":{"x":0.2505480647087097,"y":0.45167356729507449,"z":-0.13380832970142365,"w":0.8457840085029602},"size":80.62813568115235,"orthographic":false}